{
  "statistics": {
    "vertices": {
      "by_label": [
        {
          "label": "1",
          "count": 10
        },
        {
          "label": "2",
          "count": 10
        }
      ]
    },
    "edges": {
      "by_label": [
        {
          "label": "GROUP",
          "count": 2
        },
        {
          "label": "INVE",
          "count": 1
        },
        {
          "label": "TX",
          "count": 3
        },
        {
          "label": "TRADE",
          "count": 2
        },
        {
          "label": "SAME_CARD_HOLDER",
          "count": 2
        },
        {
          "label": "THIRD_PARTY_GUAR",
          "count": 2
        },
        {
          "label": "GUAR",
          "count": 2
        },
        {
          "label": "MANAGER",
          "count": 2
        },
        {
          "label": "OTHER",
          "count": 3
        }
      ]
    },
    "num_vertices": 20,
    "num_edges": 19,
    "new_vertices": {
      "total_counts": 10,
      "by_label": [
        {
          "label": "1",
          "count": 5
        },
        {
          "label": "2",
          "count": 5
        }
      ]
    },
    "delete_vertices": {
      "total_counts": 10,
      "by_label": [
        {
          "label": "1",
          "count": 5
        },
        {
          "label": "2",
          "count": 5
        }
      ]
    },
    "new_edges": {
      "total_counts": 10,
      "by_label": [
        {
          "label": "GROUP",
          "count": 1
        },
        {
          "label": "INVE",
          "count": 1
        },
        {
          "label": "TX",
          "count": 1
        },
        {
          "label": "TRADE",
          "count": 1
        },
        {
          "label": "SAME_CARD_HOLDER",
          "count": 1
        },
        {
          "label": "THIRD_PARTY_GUAR",
          "count": 1
        },
        {
          "label": "GUAR",
          "count": 1
        },
        {
          "label": "MANAGER",
          "count": 1
        },
        {
          "label": "OTHER",
          "count": 2
        }
      ]
    },
    "delete_edges": {
      "total_counts": 10,
      "by_label": [
        {
          "label": "GROUP",
          "count": 1
        },
        {
          "label": "INVE",
          "count": 1
        },
        {
          "label": "TX",
          "count": 1
        },
        {
          "label": "TRADE",
          "count": 1
        },
        {
          "label": "SAME_CARD_HOLDER",
          "count": 1
        },
        {
          "label": "THIRD_PARTY_GUAR",
          "count": 1
        },
        {
          "label": "GUAR",
          "count": 1
        },
        {
          "label": "MANAGER",
          "count": 1
        },
        {
          "label": "OTHER",
          "count": 2
        }
      ]
    }
  },
  "data": {
    "new_edges": [
      {
        "source_id": "n110",
        "target_id": "n111",
        "source_is_new": "true",
        "target_is_new": "true",
        "label": "股权",
        "edge_label": "INDV_LEGAL_PERSON",
        "source_name": "用户1",
        "target_name": "用户2"
      },
      {
        "source_id": "n110",
        "target_id": "n112",
        "source_is_new": "true",
        "target_is_new": "true",
        "label": "授信",
        "edge_label": "INDV_LEGAL_PERSON",
        "source_name": "用户1",
        "target_name": "用户3"
      },
      {
        "source_id": "n110",
        "target_id": "n113",
        "source_is_new": "true",
        "target_is_new": "true",
        "label": "资金",
        "edge_label": "SAME_PHONE_AND_ADDRESS",
        "source_name": "用户1",
        "target_name": "用户4"
      },
      {
        "source_id": "n110",
        "target_id": "n114",
        "source_is_new": "true",
        "target_is_new": "true",
        "label": "贸易",
        "edge_label": "SAME_PHONE_AND_ADDRESS",
        "source_name": "用户1",
        "target_name": "用户5"
      },
      {
        "source_id": "n110",
        "target_id": "n115",
        "source_is_new": "true",
        "target_is_new": "true",
        "label": "人员",
        "edge_label": "SAME_PHONE_AND_ADDRESS",
        "source_name": "用户1",
        "target_name": "用户6"
      },
      {
        "source_id": "n110",
        "target_id": "n116",
        "source_is_new": "true",
        "target_is_new": "true",
        "label": "共同持卡人",
        "edge_label": "SAME_PHONE_AND_ADDRESS",
        "source_name": "用户1",
        "target_name": "用户7"
      },
      {
        "source_id": "n110",
        "target_id": "n117",
        "source_is_new": "true",
        "target_is_new": "true",
        "label": "第三方抵押",
        "edge_label": "JOINT_GUAR",
        "source_name": "用户1",
        "target_name": "用户8"
      },
      {
        "source_id": "n110",
        "target_id": "n118",
        "source_is_new": "true",
        "target_is_new": "true",
        "label": "保证",
        "edge_label": "JOINT_GUAR",
        "source_name": "用户1",
        "target_name": "用户9"
      },
      {
        "source_id": "n110",
        "target_id": "n119",
        "source_is_new": "true",
        "target_is_new": "true",
        "label": "其他",
        "edge_label": "JOINT_GUAR",
        "source_name": "用户1",
        "target_name": "用户10"
      },
      {
        "source_id": "n0",
        "target_id": "n110",
        "source_is_new": "false",
        "target_is_new": "true",
        "label": "其他",
        "edge_label": "JOINT_GUAR",
        "target_name": "用户1",
        "source_name": "李大傻子"
      }
    ],
    "delete_edges": [
      {
        "source_id": "n10",
        "target_id": "n11",
        "source_is_new": "true",
        "target_is_new": "true",
        "label": "股权",
        "edge_label": "CORP_TWO_LEGAL_PERSON",
        "source_name": "张三",
        "target_name": "李四"
      },
      {
        "source_id": "n10",
        "target_id": "n12",
        "source_is_new": "true",
        "target_is_new": "true",
        "label": "授信",
        "edge_label": "INDV_OTHER_MANAGER",
        "source_name": "张三",
        "target_name": "王二"
      },
      {
        "source_id": "n10",
        "target_id": "n13",
        "source_is_new": "true",
        "target_is_new": "true",
        "label": "资金",
        "edge_label": "MANAGER_INDV_SAME_CARD",
        "source_name": "张三",
        "target_name": "赵五"
      },
      {
        "source_id": "n10",
        "target_id": "n14",
        "source_is_new": "true",
        "target_is_new": "true",
        "label": "贸易",
        "edge_label": "MANAGER_INDV_SAME_CARD",
        "source_name": "张三",
        "target_name": "木头六"
      },
      {
        "source_id": "n10",
        "target_id": "n15",
        "source_is_new": "true",
        "target_is_new": "true",
        "label": "人员",
        "edge_label": "MANAGER_INDV_SAME_CARD",
        "source_name": "张三",
        "target_name": "包子"
      },
      {
        "source_id": "n10",
        "target_id": "n16",
        "source_is_new": "true",
        "target_is_new": "true",
        "label": "共同持卡人",
        "source_name": "张三",
        "target_name": "馒头"
      },
      {
        "source_id": "n10",
        "target_id": "n17",
        "source_is_new": "true",
        "target_is_new": "true",
        "label": "第三方抵押",
        "edge_label": "MANAGER_INDV_SAME_CARD",
        "source_name": "张三",
        "target_name": "烧卖"
      },
      {
        "source_id": "n10",
        "target_id": "n18",
        "source_is_new": "true",
        "target_is_new": "true",
        "label": "保证",
        "edge_label": "SAME_PHONE_AND_ADDRESS",
        "source_name": "张三",
        "target_name": "李三"
      },
      {
        "source_id": "n10",
        "target_id": "n19",
        "source_is_new": "true",
        "target_is_new": "true",
        "label": "其他",
        "edge_label": "SAME_PHONE_AND_ADDRESS",
        "source_name": "张三",
        "target_name": "飞飞"
      },
      {
        "source_id": "n0",
        "target_id": "n10",
        "source_is_new": "false",
        "target_is_new": "true",
        "label": "其他",
        "edge_label": "SAME_PHONE_AND_ADDRESS",
        "target_name": "张三",
        "source_name": "李大傻子"
      }
    ]
  },
  "start_date": "20171231",
  "end_date": "20181231"
}
