{
  "statistics": {
    "num_vertices": 20,
    "num_edges": 19,
    "num_vertices_changed": 0,
    "num_edges_changed": 0,
    "start_date": "20171231",
    "end_date": "20181231",
    "vertices_changes_by_label": [
      {
        "label": "1",
        "count": 10,
        "count_changed": 0
      },
      {
        "label": "0",
        "count": 10,
        "count_changed": 0
      }
    ],
    "edge_changes_by_label": [
      {
        "label": "GROUP",
        "count": 2,
        "count_changed": 0
      },
      {
        "label": "INVE",
        "count": 1,
        "count_changed": 0
      },
      {
        "label": "TX",
        "count": 3,
        "count_changed": 0
      },
      {
        "label": "TRADE",
        "count": 2,
        "count_changed": 0
      },
      {
        "label": "SAME_CARD_HOLDER",
        "count": 2,
        "count_changed": 0
      },
      {
        "label": "THIRD_PARTY_GUAR",
        "count": 2,
        "count_changed": 0
      },
      {
        "label": "GUAR",
        "count": 2,
        "count_changed": 0
      },
      {
        "label": "MANAGER",
        "count": 2,
        "count_changed": 0
      },
      {
        "label": "OTHER",
        "count": 3,
        "count_changed": 0
      }
    ]
  },
  "data": {
    "changed_edges": [
      {
        "seq_num": "1",
        "date_changed": "20181231",
        "source_id": "n110",
        "target_id": "n111",
        "source_status": "新增",
        "target_status": "新增",
        "source_name": "用户1",
        "target_name": "用户2",
        "main_rela": "股权",
        "edge_label": "INDV_LEGAL_PERSON"
      },
      {
        "seq_num": "2",
        "date_changed": "20181231",
        "source_id": "n110",
        "target_id": "n112",
        "source_status": "新增",
        "target_status": "新增",
        "source_name": "用户1",
        "target_name": "用户3",
        "main_rela": "授信",
        "edge_label": "INDV_LEGAL_PERSON"
      },
      {
        "seq_num": "3",
        "date_changed": "20181231",
        "source_id": "n110",
        "target_id": "n113",
        "source_status": "新增",
        "target_status": "新增",
        "source_name": "用户1",
        "target_name": "用户4",
        "main_rela": "资金",
        "edge_label": "SAME_PHONE_AND_ADDRESS"
      },
      {
        "seq_num": "4",
        "date_changed": "20181231",
        "source_id": "n110",
        "target_id": "n114",
        "source_status": "新增",
        "target_status": "新增",
        "source_name": "用户1",
        "target_name": "用户5",
        "main_rela": "贸易",
        "edge_label": "SAME_PHONE_AND_ADDRESS"
      },
      {
        "seq_num": "5",
        "date_changed": "20181231",
        "source_id": "n110",
        "target_id": "n115",
        "source_status": "新增",
        "target_status": "新增",
        "source_name": "用户1",
        "target_name": "用户6",
        "main_rela": "人员",
        "edge_label": "SAME_PHONE_AND_ADDRESS"
      },
      {
        "seq_num": "6",
        "date_changed": "20181231",
        "source_id": "n110",
        "target_id": "n116",
        "source_status": "新增",
        "target_status": "新增",
        "source_name": "用户1",
        "target_name": "用户7",
        "main_rela": "共同持卡人",
        "edge_label": "SAME_PHONE_AND_ADDRESS"
      },
      {
        "seq_num": "7",
        "date_changed": "20181231",
        "source_id": "n110",
        "target_id": "n117",
        "source_status": "新增",
        "target_status": "新增",
        "source_name": "用户1",
        "target_name": "用户8",
        "main_rela": "第三方抵押",
        "edge_label": "JOINT_GUAR"
      },
      {
        "seq_num": "8",
        "date_changed": "20181231",
        "source_id": "n110",
        "target_id": "n118",
        "source_status": "新增",
        "target_status": "新增",
        "source_name": "用户1",
        "target_name": "用户9",
        "main_rela": "保证",
        "edge_label": "JOINT_GUAR"
      },
      {
        "seq_num": "9",
        "date_changed": "20181231",
        "source_id": "n110",
        "target_id": "n119",
        "source_status": "新增",
        "target_status": "新增",
        "source_name": "用户1",
        "target_name": "用户10",
        "main_rela": "其他",
        "edge_label": "JOINT_GUAR"
      },
      {
        "seq_num": "10",
        "date_changed": "20181231",
        "source_id": "n0",
        "target_id": "n110",
        "source_status": "不变",
        "target_status": "新增",
        "source_name": "李大傻子",
        "target_name": "用户1",
        "main_rela": "其他",
        "edge_label": "JOINT_GUAR"
      },
      {
        "seq_num": "11",
        "date_changed": "20181231",
        "source_id": "n10",
        "target_id": "n11",
        "source_status": "新增",
        "target_status": "新增",
        "source_name": "张三",
        "target_name": "李四",
        "main_rela": "股权",
        "edge_label": "CORP_TWO_LEGAL_PERSON"
      },
      {
        "seq_num": "12",
        "date_changed": "20181231",
        "source_id": "n10",
        "target_id": "n12",
        "source_status": "新增",
        "target_status": "新增",
        "source_name": "张三",
        "target_name": "王二",
        "main_rela": "授信",
        "edge_label": "INDV_OTHER_MANAGER"
      },
      {
        "seq_num": "13",
        "date_changed": "20181231",
        "source_id": "n10",
        "target_id": "n13",
        "source_status": "新增",
        "target_status": "新增",
        "source_name": "张三",
        "target_name": "赵五",
        "main_rela": "资金",
        "edge_label": "MANAGER_INDV_SAME_CARD"
      },
      {
        "seq_num": "14",
        "date_changed": "20181231",
        "source_id": "n10",
        "target_id": "n14",
        "source_status": "新增",
        "target_status": "新增",
        "source_name": "张三",
        "target_name": "木头六",
        "main_rela": "贸易",
        "edge_label": "MANAGER_INDV_SAME_CARD"
      },
      {
        "seq_num": "15",
        "date_changed": "20181231",
        "source_id": "n10",
        "target_id": "n15",
        "source_status": "新增",
        "target_status": "新增",
        "source_name": "张三",
        "target_name": "包子",
        "main_rela": "人员",
        "edge_label": "MANAGER_INDV_SAME_CARD"
      },
      {
        "seq_num": "16",
        "date_changed": "20181231",
        "source_id": "n10",
        "target_id": "n16",
        "source_status": "新增",
        "target_status": "新增",
        "source_name": "张三",
        "target_name": "馒头",
        "main_rela": "共同持卡人"
      },
      {
        "seq_num": "17",
        "date_changed": "20181231",
        "source_id": "n10",
        "target_id": "n17",
        "source_status": "新增",
        "target_status": "新增",
        "source_name": "张三",
        "target_name": "烧卖",
        "main_rela": "第三方抵押",
        "edge_label": "MANAGER_INDV_SAME_CARD"
      },
      {
        "seq_num": "18",
        "date_changed": "20181231",
        "source_id": "n10",
        "target_id": "n18",
        "source_status": "新增",
        "target_status": "新增",
        "source_name": "张三",
        "target_name": "李三",
        "main_rela": "保证",
        "edge_label": "SAME_PHONE_AND_ADDRESS"
      },
      {
        "seq_num": "19",
        "date_changed": "20181231",
        "source_id": "n10",
        "target_id": "n19",
        "source_status": "新增",
        "target_status": "新增",
        "source_name": "张三",
        "target_name": "飞飞",
        "main_rela": "其他",
        "edge_label": "SAME_PHONE_AND_ADDRESS"
      },
      {
        "seq_num": "20",
        "date_changed": "20181231",
        "source_id": "n0",
        "target_id": "n10",
        "source_status": "不变",
        "target_status": "新增",
        "source_name": "李大傻子",
        "target_name": "张三",
        "main_rela": "其他",
        "edge_label": "SAME_PHONE_AND_ADDRESS"
      }
    ]
  }
}
